{"inputNeurons":2,"hiddenNeurons":4,"outputNeurons":1,"b":[[0.4583697984190026,1.6025821080220761,0.6314753358298353,-1.1313332737134103],[-2.5859667602311314]],"w":[[[1.150976536777198,-5.331217148008788,-0.6762174647923401,-4.97433051125052],[-4.565437929496079,-5.145958738232415,-1.5148698630569382,2.8211258089166447]],[[4.979532046829084],[-6.640485489183026],[1.6170763086425437],[5.350135555243557]]],"dw":[[[-0.0000016809125252480264,-2.6270409991935983e-8,-0.0000017264784803997235,-0.0000014521339604620834],[0.0001193348268332107,-0.0002772959126261005,0.0005091823306266616,0.001075206453997932]],[[0.0000018199397887876577],[0.000012126745353428627],[0.00042117007952453497],[0.001280276208218321]]]}